Id,SalePrice
1461,126561.09621787023
1462,162697.67934774372
1463,183879.72189792502
1464,185766.82445652614
1465,210355.5980769231
1466,183934.4381917511
1467,177908.2302327099
1468,176572.18167148795
1469,191763.87450916215
1470,123696.47604849465
1471,198143.50195747623
1472,90440.10968253968
1473,100867.32093253969
1474,153265.08389880956
1475,116216.49153419293
1476,380000.615
1477,251302.115
1478,288924.9200714286
1479,267049.9825
1480,446355.465
1481,343901.6669285715
1482,208901.81705227745
1483,192432.4737983142
1484,168931.69753896102
1485,171063.11666666664
1486,200754.36426667124
1487,430265.1666666666
1488,246596.34216666664
1489,207191.05825757573
1490,209347.97288655472
1491,190601.51743553477
1492,105077.86187064461
1493,184050.80472464673
1494,293656.33883333334
1495,309068.12216666667
1496,210425.42923809524
1497,192384.56837540504
1498,153567.73120618268
1499,151649.12072999222
1500,161605.98016650014
1501,168746.8166287879
1502,142878.67936274508
1503,308693.675
1504,225126.800914787
1505,216983.5156567461
1506,190976.25367673993
1507,250531.2161111111
1508,194279.03116949025
1509,163899.77781683835
1510,149235.2569619642
1511,148100.5067374189
1512,170381.7511854261
1513,148457.4439276279
1514,166242.06703256004
1515,193862.9441252588
1516,153622.8540783877
1517,149143.87833333333
1518,128862.05299430642
1519,221280.5719987469
1520,138544.01054921804
1521,143661.9030359918
1522,160643.27162933175
1523,120701.04113069676
1524,123261.95457720426
1525,127695.6388344719
1526,130471.8652643799
1527,106265.30282828283
1528,128921.21679294389
1529,147066.21831764068
1530,169954.29517185275
1531,135478.14781291172
1532,105911.15411716413
1533,147289.61266588117
1534,121159.1359516178
1535,155726.95620762993
1536,126294.98158710924
1537,79749.32
1538,174004.1479411765
1539,186778.22
1540,126035.15555555555
1541,143932.09184086966
1542,145259.4944836571
1543,212770.34787976518
1544,79167.31944444444
1545,114636.20536192587
1546,124515.90487520132
1547,134681.0525551987
1548,130045.0476579774
1549,113362.76151629073
1550,141376.27108144874
1551,118521.84094610544
1552,148804.50121323531
1553,154261.86728027064
1554,110600.9847279942
1555,168803.048620338
1556,97546.2217948718
1557,137275.37213900912
1558,87393.37833333333
1559,128272.55241414142
1560,147650.93617137766
1561,153752.93676587302
1562,125630.81723433374
1563,123609.80509106001
1564,166793.84266695805
1565,151631.0874428099
1566,206937.64043512044
1567,81297.08333333333
1568,223830.22066497433
1569,162235.04820834394
1570,129136.80449781728
1571,118359.38262554843
1572,148676.02327578882
1573,235374.23239583336
1574,123512.65238300589
1575,212556.612398905
1576,222784.21854489163
1577,203057.61521855462
1578,142635.49176831334
1579,145182.66792748918
1580,188926.56648689348
1581,134813.9727777778
1582,125741.24151125031
1583,344404.035
1584,237662.6489943951
1585,138470.5869155844
1586,79700.0
1587,107923.7157936508
1588,158072.90306216932
1589,112538.36324009324
1590,132299.3182442006
1591,104036.94400796917
1592,136910.74589646468
1593,116142.73826342038
1594,148809.57035714286
1595,132866.71959574742
1596,236476.49308747414
1597,171396.4641886447
1598,172584.65333333335
1599,184676.715
1600,187765.80791666667
1601,83428.74404761905
1602,114308.32637311133
1603,103852.98896093287
1604,286020.5733333333
1605,244229.01396769896
1606,170603.73556493325
1607,182704.1850854701
1608,217666.51256211847
1609,192160.16563932635
1610,164036.90916666665
1611,151702.0733034803
1612,183139.23098049284
1613,171570.70538782797
1614,117716.71023475687
1615,94989.64599067598
1616,88863.27694444444
1617,96542.06656607281
1618,124705.63278943852
1619,134064.9294607843
1620,168845.33992063493
1621,150367.8036165293
1622,147766.94877051085
1623,297833.9666666666
1624,221095.27108601175
1625,126089.55654633502
1626,163048.67189260086
1627,186348.87150385545
1628,278186.78133333335
1629,175950.36666666664
1630,379001.555
1631,234520.12270274537
1632,255630.04565384614
1633,168928.54104166664
1634,185357.2014630585
1635,182305.40732026144
1636,169474.9528339795
1637,183144.621001221
1638,200127.1510272281
1639,186287.627137748
1640,257099.3505952381
1641,177248.0711489732
1642,218109.66366214145
1643,227796.25835923143
1644,227082.99166666664
1645,186751.89105020798
1646,156457.61092406555
1647,161235.24096247126
1648,141971.57764113153
1649,138963.69753262866
1650,124568.27020232691
1651,121495.10503151259
1652,92085.10611111112
1653,96447.28968253969
1654,158422.13258227883
1655,148235.3288185458
1656,152686.03797847987
1657,155584.5805250999
1658,155268.60119484685
1659,123372.0448563844
1660,147212.8330913542
1661,423836.965
1662,409864.295
1663,390337.8221428572
1664,437772.27
1665,297463.809
1666,335205.595
1667,392483.895
1668,318019.1325
1669,290676.865
1670,325753.445
1671,260530.95215628814
1672,449908.35
1673,289094.3146666667
1674,249825.21
1675,196991.90100723284
1676,197888.6254178444
1677,214595.905577381
1678,428741.715
1679,395308.3983333334
1680,337225.26
1681,253162.23666666663
1682,307256.57333333336
1683,183503.95794720465
1684,173329.5894246032
1685,175338.14980902165
1686,167511.575135582
1687,166200.92770833333
1688,184521.4908970943
1689,183818.34829022936
1690,183469.7792312834
1691,172856.55071428575
1692,252087.92674242426
1693,169263.88352941177
1694,182727.0845147193
1695,168052.06342261902
1696,267597.3680573593
1697,168584.4972870879
1698,384421.71714285715
1699,361599.3955
1700,238057.274984912
1701,266291.10883333336
1702,253044.00819597073
1703,251014.6446190476
1704,292699.0892142857
1705,240044.17377047587
1706,420231.025
1707,219958.6666083363
1708,221100.26493258151
1709,254725.60595238092
1710,223098.494023754
1711,232189.195
1712,258805.99
1713,244187.1271340188
1714,219441.3605032243
1715,200716.17371025644
1716,183023.76860978836
1717,160212.2010335498
1718,147454.02705465368
1719,209474.51822365134
1720,254990.71022556393
1721,155801.30784804083
1722,127443.58034632035
1723,155181.7941584117
1724,212784.8520114125
1725,232400.0491126329
1726,198335.73543440708
1727,184950.0031014654
1728,178144.52364536005
1729,162434.10153743313
1730,152902.29878829996
1731,125522.33021872613
1732,128927.05473958293
1733,123803.11434023081
1734,126240.38151876602
1735,132815.6596939926
1736,115993.01757337834
1737,364597.21
1738,216341.81819409636
1739,280109.3885714286
1740,209034.23
1741,194593.58559090912
1742,168749.5266287879
1743,167131.37499405822
1744,306573.285
1745,236325.92372041065
1746,221037.14779187553
1747,197140.52957184627
1748,235312.33607142858
1749,163764.59456344464
1750,149509.01848415125
1751,232067.2399998728
1752,121373.9890894514
1753,149170.979728586
1754,201598.00713053075
1755,170490.17139491436
1756,124529.8367868554
1757,120498.17616590252
1758,154500.13997300403
1759,160259.98294469828
1760,169397.65343397853
1761,157511.86176105417
1762,173369.87836726478
1763,165527.98744400564
1764,119078.39690169843
1765,171425.53641251565
1766,165373.41617275114
1767,216601.6165814786
1768,143040.56073354342
1769,165505.2327060837
1770,138953.7452435702
1771,138688.98201114082
1772,142150.0455717292
1773,143881.57626851267
1774,144056.29619302438
1775,130242.7477178916
1776,124316.07830635496
1777,110026.31868856633
1778,128098.82303874474
1779,109280.43101543616
1780,160559.25481782106
1781,135840.575764947
1782,89752.80999984364
1783,136508.51590687092
1784,99756.38194444444
1785,120147.16162720749
1786,149853.33227941178
1787,152640.86314407815
1788,65951.0
1789,96054.01227272728
1790,90612.71550505051
1791,189674.0426190476
1792,152863.3032554409
1793,143890.92200737886
1794,138314.18170398904
1795,137997.31342543452
1796,112634.50093509983
1797,122843.8001948052
1798,126919.16373338859
1799,108935.28899159664
1800,124828.5581166097
1801,136593.6673333443
1802,130692.19650875646
1803,149182.16423693544
1804,143876.6299963925
1805,134710.58927120166
1806,128139.04511904763
1807,141111.95420289855
1808,113329.46453216374
1809,120189.10825590118
1810,143829.01214285716
1811,124519.07483671479
1812,120244.05943843196
1813,123558.88666720083
1814,104663.57237637852
1815,67815.47055555556
1816,99048.32010243105
1817,127773.32541501976
1818,146939.10043035398
1819,114453.08557534376
1820,79877.6888888889
1821,112806.45394405728
1822,148333.6337346681
1823,65140.0
1824,143911.21617238506
1825,123334.73908271293
1826,101510.5432975766
1827,113448.92400950784
1828,139035.25640177657
1829,120493.74407031992
1830,143105.94471916973
1831,153473.49563492063
1832,116643.83596459097
1833,144468.52508563333
1834,117336.34454162233
1835,162996.55853535354
1836,140551.41457511095
1837,107463.60833333334
1838,134441.3434771561
1839,90365.02833333332
1840,169600.04737972174
1841,147459.9180683864
1842,99028.74673987778
1843,139799.4583786882
1844,131646.76688811192
1845,136994.74556606793
1846,154114.28455106824
1847,160968.1388693846
1848,70018.165
1849,103046.96442557444
1850,127143.62111594113
1851,154708.3336347493
1852,126219.12203441847
1853,132027.07806489262
1854,155721.89451776876
1855,150754.8541912742
1856,220313.88313534445
1857,149948.72667597924
1858,151984.42903825018
1859,123603.20333333332
1860,160401.17892658728
1861,123074.60333333332
1862,273424.79916666663
1863,269657.39916666667
1864,269657.39916666667
1865,316820.88
1866,321121.9375
1867,244786.36541666664
1868,309357.5825
1869,196929.2690314824
1870,223125.085
1871,257867.8795238095
1872,167558.58533613448
1873,231191.0998864469
1874,136244.34521896928
1875,207023.47092282434
1876,202682.6518798617
1877,203637.44759021845
1878,208310.8546538078
1879,131001.04345443427
1880,137629.46154845157
1881,229326.07332630066
1882,256706.87942857144
1883,199176.43513255092
1884,213205.9172766354
1885,252067.78808270677
1886,315136.2725
1887,194903.6846721844
1888,278531.6257142857
1889,162495.84833333333
1890,135168.0960800144
1891,143075.6192246642
1892,111196.94546380863
1893,138012.68256771908
1894,128584.5711449939
1895,146262.35847395106
1896,121717.94868084141
1897,118340.87933098132
1898,108419.90733661786
1899,127264.64228033787
1900,120374.96288898643
1901,159483.97164068525
1902,150355.15187969926
1903,197690.31404761903
1904,135845.6616009428
1905,176852.85239740572
1906,162488.9528653382
1907,186442.49274350647
1908,118106.84892857142
1909,141312.7629945055
1910,134144.38782859297
1911,196524.3785714286
1912,267748.84
1913,155659.7504347826
1914,73496.93333333333
1915,334856.2
1916,73363.5
1917,255536.08065384615
1918,131533.70912953163
1919,162159.86529842927
1920,165853.1396497898
1921,411902.525
1922,323575.7
1923,210012.9047605994
1924,226391.76333333337
1925,220375.82793800413
1926,381292.52214285714
1927,136485.90458356787
1928,163962.98181183604
1929,120196.0366991342
1930,127825.83833333332
1931,140489.8147785548
1932,150750.18206158423
1933,174377.04591991342
1934,180229.7071541284
1935,180148.8513480392
1936,190810.2920744766
1937,183025.53261097978
1938,178672.99988104764
1939,270864.7295
1940,210002.8090277778
1941,174055.07876393208
1942,193586.969081797
1943,213890.97024999998
1944,315195.7
1945,370285.625
1946,165414.14541666667
1947,329593.16
1948,161666.51735294115
1949,229463.74325396828
1950,181353.66878792978
1951,256645.5483333333
1952,242970.695
1953,171539.49895945555
1954,189444.32787275955
1955,136148.0164661688
1956,277730.56
1957,163922.0304754236
1958,310191.34383333335
1959,145291.23143875084
1960,117281.71482139932
1961,120708.76584640509
1962,91008.72266573294
1963,95981.38766573295
1964,112269.88950643524
1965,155834.4339169164
1966,146802.76297402594
1967,300304.06
1968,409450.6321428572
1969,368152.4585714286
1970,414538.2671428572
1971,449960.285
1972,346289.91214285715
1973,264370.2061538462
1974,321715.495
1975,468283.685
1976,271873.26738095237
1977,345461.12833333336
1978,403446.25
1979,327110.51083333336
1980,193895.263871429
1981,329170.3625
1982,223180.90955311357
1983,212778.4295531136
1984,167833.23390989727
1985,206094.48615117732
1986,204535.4644002667
1987,177366.25587324932
1988,180463.94382005476
1989,191615.77919081654
1990,213620.9119265873
1991,216214.88340476193
1992,210043.55796182767
1993,170097.0417075163
1994,243086.56781746034
1995,181444.5700560497
1996,254416.478
1997,301078.2845
1998,317672.08214285714
1999,247998.42415157866
2000,308915.14875
2001,253783.89204248364
2002,225446.15975394583
2003,251122.98883333334
2004,247898.165
2005,244001.7722106227
2006,225243.60875
2007,249635.1931959707
2008,198531.05996861478
2009,198323.9461369154
2010,191176.7221954014
2011,155938.28388528142
2012,177188.92281756707
2013,187509.84206465725
2014,193613.192720034
2015,196508.73161360886
2016,197169.99529897262
2017,201255.4972955748
2018,126251.19096585455
2019,133931.06762968368
2020,120468.94398272086
2021,115848.73718857838
2022,166239.499414764
2023,158836.08156386725
2024,246729.75619047618
2025,363015.0021428572
2026,180090.82635201685
2027,152605.2644204684
2028,154032.875
2029,168371.19928224556
2030,282632.1
2031,222292.26504830914
2032,260333.9500483092
2033,265587.185
2034,161409.6346910279
2035,203387.50923611116
2036,201556.23944444448
2037,207373.4938888889
2038,281178.035
2039,202952.0529365079
2040,354256.49
2041,279508.120625
2042,201252.77994408197
2043,166318.04582291472
2044,177120.75796266235
2045,212509.87391492847
2046,136186.2896008249
2047,151204.36805172302
2048,134773.394492972
2049,133590.23847126
2050,176500.17697546896
2051,104847.10737269004
2052,139847.14850235547
2053,142781.15493710514
2054,89758.1544117647
2055,156241.09115891057
2056,131500.09885594386
2057,124919.71576193794
2058,223873.00524338617
2059,141657.87549098983
2060,162162.48103570042
2061,172810.6880350698
2062,134958.78223831308
2063,111461.23332006633
2064,143471.84054881652
2065,123343.03533465674
2066,169648.77426223794
2067,115196.99309735022
2068,143859.1669227717
2069,89823.43333333333
2070,114640.12657361
2071,94207.68713450292
2072,138967.7662572639
2073,138836.5413572944
2074,175944.9047104757
2075,141726.1763400602
2076,121881.98135560726
2077,151734.03319805197
2078,127463.68880460378
2079,133484.71043153823
2080,116458.68886568757
2081,124797.03433829271
2082,141888.90055982905
2083,143331.2493606463
2084,110838.44049829205
2085,127611.76362430543
2086,113693.815
2087,128653.64472099674
2088,111292.34790476192
2089,88709.42828282829
2090,130456.50693055555
2091,131325.30072397646
2092,132743.66720218345
2093,141326.93011524176
2094,112680.0872857143
2095,149896.38758128646
2096,88335.8794117647
2097,104911.27733621934
2098,146689.04308263716
2099,71533.0
2100,102601.27270833334
2101,133107.75946825396
2102,126655.01587521938
2103,106881.98460573477
2104,132863.58071428572
2105,123215.3744949495
2106,99627.76833333333
2107,248139.835
2108,121207.96247950544
2109,118884.64404180145
2110,126296.27760108735
2111,150352.18600579002
2112,144479.8985448936
2113,121608.43811269458
2114,111282.42045186105
2115,155984.05589336588
2116,117377.79736238487
2117,150074.513606389
2118,116538.90601194897
2119,108355.50879365078
2120,111703.06483621933
2121,115858.17004346054
2122,113673.26040942002
2123,90747.84777777776
2124,180529.36144491483
2125,134728.55997550138
2126,155333.47128609952
2127,168525.0284615385
2128,138318.9783470696
2129,98299.73439393939
2130,148914.51553459064
2131,150384.1942431134
2132,123643.97008773993
2133,123441.54518379363
2134,118402.81096834033
2135,106762.07944444446
2136,90578.1125
2137,120978.87401269483
2138,139320.58032732925
2139,151909.18917920606
2140,137337.51703524662
2141,131808.5879761905
2142,133345.49048045694
2143,145293.85020681281
2144,132657.8848457557
2145,136325.2744481462
2146,149370.635758169
2147,150628.01086234668
2148,129400.15234248835
2149,135318.6938025268
2150,209598.13166666668
2151,104218.33196788264
2152,195998.87083333332
2153,163255.0979258473
2154,114254.52973484846
2155,125391.57124343707
2156,253476.57535714286
2157,227486.65770807903
2158,233420.4291291116
2159,203452.45010859802
2160,165226.44833333333
2161,250179.09045238091
2162,476439.87
2163,333301.94
2164,246058.7839160401
2165,177562.21318171502
2166,146043.66644057236
2167,204526.11319377288
2168,212792.6823905724
2169,193200.78721008994
2170,220805.4003211628
2171,152148.8714402102
2172,144387.18410085118
2173,162728.85509523808
2174,237012.26146519938
2175,287503.63
2176,336960.02
2177,251663.06524305555
2178,213699.8987286398
2179,142368.16006684492
2180,211709.48222222223
2181,191603.9765206569
2182,225383.2967677888
2183,200150.32874718457
2184,136474.8078414188
2185,127291.72706349206
2186,151572.9565755772
2187,149428.0714229276
2188,156361.8646672078
2189,223999.01166666663
2190,82779.26052287582
2191,86174.86607843137
2192,87871.52611111112
2193,105313.65174023769
2194,107414.01071428572
2195,115039.78069454819
2196,109201.64269375784
2197,121124.82199079603
2198,155819.3206467777
2199,168370.68474747476
2200,127210.52215130765
2201,130421.640864446
2202,192762.25666666665
2203,151840.3519795939
2204,165045.55378601668
2205,127726.50239748675
2206,132706.8455602241
2207,193042.1255952381
2208,218073.73685090514
2209,205926.46086580085
2210,121630.02477272727
2211,115786.6251705451
2212,116715.29170550135
2213,107775.79110671126
2214,138695.6531760053
2215,106377.92324561405
2216,150227.9560885768
2217,73746.75
2218,79812.62833333334
2219,78118.98611111111
2220,91265.03546783626
2221,334004.92
2222,221242.21390464928
2223,274530.77857142856
2224,209254.228401862
2225,146680.24923467057
2226,191191.0975091575
2227,199418.91659251566
2228,294252.57
2229,240348.82714285716
2230,164557.9425
2231,207494.9626488095
2232,188649.86126249481
2233,185155.63216177694
2234,253246.25265184455
2235,217077.81922598166
2236,291863.0
2237,368041.77642857144
2238,199017.1168430451
2239,122924.2525
2240,165635.2432942058
2241,152799.9056309524
2242,143725.9217315429
2243,129109.30207756412
2244,100713.19444444444
2245,94444.42857142858
2246,144814.9997689704
2247,105823.62956521739
2248,124600.29478466285
2249,123985.73211501238
2250,136929.6960046663
2251,124901.1295
2252,180370.79177143116
2253,161562.76270833332
2254,175307.93333333335
2255,191718.58386532552
2256,180231.92813700187
2257,200776.95322344324
2258,175351.0147565879
2259,179271.7869380586
2260,161582.83251524286
2261,187941.355
2262,223259.74066666665
2263,336051.4404761905
2264,469493.325
2265,163074.08625844703
2266,294040.12
2267,377242.295
2268,370845.745
2269,169082.5129845624
2270,175029.29614718613
2271,222224.08468166433
2272,198314.48002044254
2273,171454.34408639887
2274,181185.89143656674
2275,165229.84985519495
2276,178722.06280405025
2277,178168.82297462755
2278,149813.68934614435
2279,120906.93164584757
2280,122338.84834690226
2281,184309.80297087893
2282,193096.315920711
2283,97520.32666125541
2284,110290.12313083734
2285,135922.0332037815
2286,128369.35659612634
2287,328852.7563333333
2288,281561.8235714286
2289,403482.225
2290,420783.825
2291,312486.28
2292,419496.3121428572
2293,448746.655
2294,409975.185
2295,425867.37
2296,280450.72391025646
2297,316695.6125
2298,295730.15
2299,404070.9971428572
2300,322264.2554761905
2301,244342.46875
2302,226943.45995238295
2303,248831.58357142855
2304,250701.14871978026
2305,193062.56821158665
2306,192656.74622024468
2307,196316.33118637014
2308,223463.91476190474
2309,280492.825
2310,214701.9761880342
2311,193043.10720367995
2312,173723.7120370724
2313,176636.14006601463
2314,166686.9329761905
2315,174822.10331975925
2316,178002.2929390868
2317,184610.20896518594
2318,176622.23304017776
2319,176318.59557005495
2320,179418.96782564194
2321,250573.35365384616
2322,166737.15070031837
2323,166287.19261904762
2324,169199.969375
2325,218796.8005089008
2326,167103.39604166668
2327,207640.80227355513
2328,215237.37230889723
2329,183497.3301273791
2330,179776.23845044893
2331,392617.77214285714
2332,406089.97714285715
2333,340062.53
2334,252907.10727591033
2335,279406.66
2336,340596.54
2337,208763.75308063615
2338,279887.9166666666
2339,234699.7644047619
2340,386176.025
2341,224953.99395743146
2342,249103.07238095236
2343,218389.82922201342
2344,226885.16484159353
2345,251015.01883333336
2346,219476.89618284494
2347,205859.43948765527
2348,224365.28916666665
2349,170903.73112130925
2350,266530.52875
2351,257856.84516666667
2352,245676.61026739926
2353,242011.4925
2354,125636.8851839827
2355,136820.62653596405
2356,152043.07550378854
2357,197022.10729044434
2358,203146.21921005164
2359,128387.36745052054
2360,119838.71469645537
2361,140301.96055781894
2362,270758.2028571429
2363,142228.3403844571
2364,151796.25440996588
2365,236930.8525483092
2366,191345.36025
2367,233871.53666666665
2368,208119.41696953046
2369,234086.21166666664
2370,171958.50494652404
2371,168027.36969350095
2372,187949.95348338698
2373,285301.5883333333
2374,309522.425
2375,245493.35007575757
2376,264045.3707142857
2377,352997.43
2378,145278.56163497444
2379,192685.0760897436
2380,146359.2643163878
2381,164119.96412621334
2382,182179.56925620674
2383,212435.91723183673
2384,227160.7460848649
2385,152170.384413439
2386,138204.7996508005
2387,131500.34090082275
2388,93833.03052287582
2389,128780.87240862487
2390,140942.56641472862
2391,133404.25961007192
2392,114723.0681202985
2393,159343.7530034773
2394,146981.47296526292
2395,197287.19291531996
2396,151384.43477455547
2397,220521.95205882352
2398,126100.0811274739
2399,62466.80555555556
2400,64981.25
2401,111691.40769504015
2402,133730.02073614253
2403,133815.30001162243
2404,149308.73093816848
2405,161719.92614026737
2406,133582.41846805616
2407,127195.39057582697
2408,139226.45187406265
2409,136103.79712559393
2410,168577.27471883094
2411,122324.6870072291
2412,158276.322904322
2413,137665.82804319757
2414,133705.33672246724
2415,127443.09529565783
2416,123705.49982996492
2417,129117.7334101126
2418,127912.21712039072
2419,134332.4700549356
2420,124770.92882853176
2421,149391.1976398711
2422,119079.70569232001
2423,141940.50520050127
2424,148953.07648292306
2425,214757.505
2426,140384.6264722355
2427,137485.9752462121
2428,164853.8163167388
2429,116409.91178008354
2430,128278.23802729245
2431,115061.37598246316
2432,136145.45950006126
2433,145042.4052930403
2434,141023.1654535274
2435,155847.79888637015
2436,106918.07785970303
2437,102431.34436512964
2438,118645.4185985584
2439,117666.12089932426
2440,126138.30961411128
2441,106580.64603896104
2442,106080.65111858076
2443,119129.20102848946
2444,128766.38990227645
2445,97488.97509920636
2446,130964.42531746032
2447,182856.65850000002
2448,148110.114733463
2449,119608.94882034631
2450,155448.2043637735
2451,124017.91587948598
2452,209935.92107142857
2453,100952.77309779829
2454,111851.71
2455,114556.81003592262
2456,137914.47816680136
2457,119240.84833062504
2458,116033.25327435088
2459,112612.74903492328
2460,139861.62180845722
2461,119453.27987576183
2462,143395.48366431473
2463,121734.9374190858
2464,189438.80764285714
2465,133585.97162713812
2466,120818.7543841197
2467,134578.52617021868
2468,94780.53135429721
2469,98358.21940498527
2470,185392.55701312574
2471,186682.0671488724
2472,178559.81994047618
2473,126730.56282520582
2474,104394.58333333331
2475,226653.0289732143
2476,117233.27233340226
2477,132626.53063979966
2478,157471.19539325655
2479,125234.6943672975
2480,145627.54384995418
2481,124945.09353174604
2482,130837.1904795205
2483,114966.42522324574
2484,123796.02548065603
2485,125250.67899291488
2486,161269.36934578986
2487,191358.95625
2488,129991.1105661394
2489,152394.48364786076
2490,151608.55569555442
2491,92546.23511904762
2492,187191.89965077408
2493,136311.369827979
2494,161890.98414851274
2495,108491.10105769231
2496,239388.93452380953
2497,148726.389880511
2498,114509.34790495122
2499,90987.7575
2500,129473.66223558826
2501,140721.65490643535
2502,150429.85358535388
2503,120712.70349945888
2504,200449.9746642247
2505,214452.10868756485
2506,254565.3121190476
2507,371598.46
2508,249537.68628571427
2509,217769.9385287718
2510,234125.63029761903
2511,186457.8699775889
2512,213521.68727187163
2513,218403.75501082253
2514,208156.3425
2515,149255.2209176198
2516,165824.70902183597
2517,134008.45555962014
2518,134018.20476190478
2519,222563.95266449862
2520,206752.69273626377
2521,193965.87435857463
2522,218188.7355380117
2523,130261.828073795
2524,140619.70083259873
2525,144765.77733410284
2526,144206.93436615984
2527,117854.54442474191
2528,128265.0257942232
2529,127199.87068834185
2530,112015.32694444444
2531,250143.5302927489
2532,224762.2046376316
2533,197199.96976802184
2534,250289.62992857143
2535,335216.50083333335
2536,219759.29560254805
2537,219647.37166666667
2538,174961.7471730769
2539,185818.42816990596
2540,184446.60482470624
2541,173754.04455763684
2542,171382.51312090686
2543,129081.33594314838
2544,132480.57077190894
2545,139609.04788485114
2546,143705.01218497477
2547,143333.70410636583
2548,160593.40643724005
2549,166288.6449500467
2550,371759.465
2551,146562.74213858365
2552,122457.56552668921
2553,83407.68496732027
2554,127637.18439556277
2555,109031.66157894736
2556,100568.0249220559
2557,119923.01352254838
2558,173095.825
2559,134851.40898946841
2560,122303.7564409299
2561,110121.16697191694
2562,117015.53415466352
2563,137703.8452625243
2564,167066.65683171
2565,105735.60152492668
2566,154680.493156746
2567,133163.82696428572
2568,183991.15501984127
2569,181194.55865500524
2570,121618.04477272727
2571,191671.63824900798
2572,174320.04
2573,222090.26523809522
2574,251805.10352226722
2575,126252.83007161457
2576,138401.13159978544
2577,158042.41397950271
2578,98662.375340803
2579,86819.8275
2580,138469.3550762987
2581,136806.0856686665
2582,125714.54745378152
2583,274146.99
2584,169372.29609604581
2585,186388.92547540527
2586,206880.36564585424
2587,195195.4357937842
2588,129330.40066101882
2589,144489.05811881748
2590,212911.1363480392
2591,214792.63171626985
2592,232641.13379643188
2593,263381.48699999996
2594,174960.05462777495
2595,205025.32362662337
2596,333471.345
2597,192693.5093520308
2598,277945.505
2599,301968.385
2600,134765.27333333335
2601,141532.0693681319
2602,91798.58333423521
2603,92884.93492063493
2604,95495.44512077294
2605,100807.68356150795
2606,148331.52266304346
2607,182606.82869849956
2608,200521.2703882375
2609,164373.30645833333
2610,112726.19527777778
2611,149187.82590909093
2612,154016.72182527126
2613,125448.18770441978
2614,121801.88485844541
2615,150482.27382314016
2616,138717.43151588264
2617,179221.8851714258
2618,194037.44753694584
2619,219176.33394461698
2620,185130.37759528053
2621,184285.66762507916
2622,193004.34761904762
2623,250078.74083333332
2624,287586.9395833334
2625,358264.035
2626,171614.18276929323
2627,183817.06833333336
2628,421964.87
2629,537341.83
2630,324641.905
2631,432629.525
2632,408926.585
2633,324032.735
2634,382930.56
2635,152797.94729459332
2636,185172.3741212406
2637,161930.04845418467
2638,246733.91406926405
2639,182427.9678557724
2640,151342.21892623435
2641,112955.81716826474
2642,198199.80826589395
2643,109005.91367063494
2644,134311.48115109888
2645,94687.80902936932
2646,90411.56155462185
2647,99802.66910173159
2648,142434.0336911977
2649,150149.1423575994
2650,133251.8943662465
2651,155874.1801961223
2652,426298.57833333337
2653,252905.84891025643
2654,248591.32008333332
2655,364453.495
2656,278967.385
2657,320455.05
2658,290766.63
2659,299003.07666666666
2660,349154.3
2661,318849.205
2662,324734.68333333335
2663,273546.3958333334
2664,278467.915
2665,303647.29
2666,279683.82
2667,170095.71859906332
2668,172519.47053643252
2669,185241.77148617635
2670,276326.29333333333
2671,174464.15636976584
2672,183174.2836992982
2673,199789.5496791765
2674,194301.67331300845
2675,162398.9319771895
2676,182019.8446174038
2677,205169.726665522
2678,259493.7837885101
2679,268875.65536842105
2680,266222.81442857144
2681,406731.94
2682,352848.2916666666
2683,524257.98
2684,309344.455
2685,381239.845
2686,258412.50616666663
2687,322122.455
2688,235396.52773809523
2689,213891.60047979798
2690,438797.655
2691,197968.139933876
2692,133179.62418398267
2693,196048.3552525763
2694,129951.33516684706
2695,190112.94640190728
2696,182970.91030962096
2697,204036.37882631258
2698,199675.52093837538
2699,190675.04618123802
2700,175022.06029658671
2701,158473.32323269456
2702,124563.53889865556
2703,140770.05335317462
2704,145372.8443264575
2705,125333.08497771862
2706,118461.72535025692
2707,128016.01203849944
2708,133105.31570551367
2709,112541.52144022641
2710,123045.57714359666
2711,271105.925
2712,389907.14
2713,165514.6160167277
2714,150783.41762393163
2715,168494.7873430736
2716,141870.10623337445
2717,169308.92791666667
2718,237896.335
2719,158694.0352979641
2720,162541.74490608863
2721,144278.9323730553
2722,158122.464724359
2723,146860.57598204064
2724,130031.66836297601
2725,134144.49060371856
2726,144445.08677668506
2727,170383.1228562802
2728,164489.7333714196
2729,156003.1357643768
2730,144293.27775658472
2731,116270.92705095159
2732,120266.85594618168
2733,156145.43574262393
2734,151657.6550622294
2735,135222.9025814492
2736,148693.86599927465
2737,123182.95129636218
2738,133134.48467126835
2739,162319.56179875747
2740,139533.37473737236
2741,151591.36287064568
2742,155496.20583245822
2743,154267.619715399
2744,147355.2460339812
2745,138122.63699683492
2746,133516.64065163565
2747,131572.112568174
2748,117043.029327957
2749,127982.76548478148
2750,134924.42863294066
2751,130968.05634013625
2752,194696.86694538064
2753,147393.0293868583
2754,206218.81666666668
2755,129400.88286243485
2756,95925.8125
2757,76864.77
2758,97101.20944444444
2759,154951.3906552394
2760,142424.08068636662
2761,142674.71705479163
2762,149528.45563165226
2763,189390.84030677658
2764,119362.14397727273
2765,262589.03785714286
2766,139466.8275116172
2767,88581.58496732026
2768,130414.63344685407
2769,134532.6111512184
2770,148053.6075552259
2771,119344.611800091
2772,119493.15520583723
2773,141752.70023809525
2774,137782.85536484944
2775,143120.2535036099
2776,136634.65720411573
2777,141379.27715141044
2778,88763.16666666669
2779,127912.43854589373
2780,111963.14578017419
2781,106676.86640547431
2782,99001.41919628311
2783,115211.30278499279
2784,129200.12902080329
2785,139309.76766788765
2786,79592.77083333333
2787,121267.22749385796
2788,91386.3832586572
2789,201331.79584937892
2790,98614.98442857142
2791,122024.08809141749
2792,85643.68666666666
2793,171134.70716025418
2794,111609.3492292228
2795,116105.09960317459
2796,102962.72651253093
2797,211301.795
2798,120753.24254273504
2799,116897.84968974606
2800,78616.21274509805
2801,116850.98661053886
2802,131720.82659993423
2803,178675.22175641026
2804,118615.21440476191
2805,94525.24548319328
2806,94940.76424603176
2807,136306.09254201682
2808,148556.4722385756
2809,130852.45994105458
2810,134966.47965399106
2811,159861.24116369523
2812,147470.08882034628
2813,169271.1296512515
2814,167011.7507936508
2815,107591.08066001293
2816,243100.755
2817,141236.8507558144
2818,123452.44833333332
2819,145181.0782638889
2820,150494.58755378547
2821,110912.9794428982
2822,185124.58785714285
2823,258257.255
2824,176746.35722667858
2825,119592.79997949417
2826,132727.7386545972
2827,143369.37453756336
2828,217987.71431013432
2829,191149.65813558505
2830,238361.8399545056
2831,194135.33337884702
2832,240106.24967042607
2833,291486.0366666667
2834,219286.62967567155
2835,218343.65051075752
2836,190002.3494475034
2837,164613.65378082043
2838,148283.180781804
2839,178803.18374743423
2840,195827.1821599011
2841,200772.26049129575
2842,222787.68826196835
2843,146601.4259933898
2844,160454.99681751666
2845,124210.1105202076
2846,208516.99226504785
2847,201352.32222222222
2848,218280.5536868687
2849,209272.16809101548
2850,277922.243
2851,236183.89417423162
2852,229130.50255284915
2853,230670.51308992176
2854,138134.94720970205
2855,201801.59493290648
2856,207076.81322918288
2857,185335.06159550816
2858,196263.90169751563
2859,139630.39557578013
2860,124555.13945706467
2861,142633.28662913895
2862,196977.29286373864
2863,124218.48780085519
2864,254010.20126442309
2865,142550.167021201
2866,135751.6225
2867,100607.6288888889
2868,118977.08026470587
2869,123317.65193650796
2870,149646.02815442963
2871,95072.16741071429
2872,69587.30555555556
2873,111636.93166666666
2874,140408.85815372085
2875,123389.22626590129
2876,138568.31834120408
2877,139111.97823048153
2878,163463.56989643935
2879,144955.80307555367
2880,111127.14139848296
2881,152350.26153608316
2882,161134.27848958166
2883,171113.52964653212
2884,168033.18893032213
2885,178492.47856912145
2886,204339.92916666667
2887,113107.3458732383
2888,126934.00761469225
2889,68157.45833333333
2890,87557.3655228758
2891,141434.3507335232
2892,68471.5294117647
2893,112459.85413713772
2894,64344.18055555556
2895,327767.18
2896,299950.28833333333
2897,200914.34675
2898,155812.2962222222
2899,242861.75008799174
2900,159147.41421577893
2901,192564.66551167134
2902,195223.0539879771
2903,332954.055
2904,319789.83392857143
2905,97174.24345238096
2906,198959.4795151515
2907,113051.37333333334
2908,127246.7913270519
2909,143462.0657121719
2910,83444.41944444444
2911,91953.6368759019
2912,155565.1178771289
2913,97100.34490620492
2914,91796.17694444444
2915,93822.36871794872
2916,95422.38379509382
2917,168307.8480056712
2918,122085.90617786175
2919,223254.87624719637
